{
  "player": null,
  "enemies": [],
  "otherPlayers": [
    {
      "id": "140737671856210",
      "name": "Eylee",
      "level": 40,
      "position": {
        "x": -1231.9364013671875,
        "y": 7577.2392578125,
        "z": 2173
      },
      "direction": -2.723966384087927
    },
    {
      "id": "140737671856165",
      "name": "Necoarcdestiny",
      "level": 70,
      "position": {
        "x": 594.2774658203125,
        "y": 8723.3291015625,
        "z": 2172
      },
      "direction": 0.8050522922422331
    },
    {
      "id": "140737671856193",
      "name": "Goblet",
      "level": 70,
      "position": {
        "x": -328.01177978515625,
        "y": 8676.9853515625,
        "z": 2180
      },
      "direction": -1.241469826395698
    },
    {
      "id": "140737671856228",
      "name": "Tiamata",
      "level": 70,
      "position": {
        "x": -18.145835876464844,
        "y": 9353.20703125,
        "z": 2173
      },
      "direction": -1.3252635269339512
    }
  ],
  "party": [],
  "zone": 7005,
  "timestamp": 1754681078625
}